{
  "processing_time": 87.482098,
  "total_files": 12,
  "processed": 12,
  "failed": 0,
  "success_rate": 100.0,
  "files_per_second": 0.13717092152956825,
  "output_file": "data\\output\\resumes_20250616_195537.json",
  "timestamp": "20250616_195537"
}