{
  "processing_time": 171.790244,
  "total_files": 27,
  "processed": 27,
  "failed": 0,
  "success_rate": 100.0,
  "files_per_second": 0.15716841289310934,
  "output_file": "data\\output\\resumes_20250615_224829.json",
  "timestamp": "20250615_224829"
}