{
  "processing_time": 164.968583,
  "total_files": 27,
  "processed": 0,
  "failed": 0,
  "success_rate": 0.0,
  "files_per_second": 0.16366752692541464,
  "output_file": "data\\output\\resumes_20250616_124127.json",
  "timestamp": "20250616_124127"
}