{
  "processing_time": 52.329766,
  "total_files": 6,
  "processed": 0,
  "failed": 0,
  "success_rate": 0.0,
  "files_per_second": 0.1146574972263396,
  "output_file": "data\\output\\resumes_20250616_205140.json",
  "timestamp": "20250616_205140"
}