{
  "processing_time": 207.060143,
  "total_files": 27,
  "processed": 27,
  "failed": 0,
  "success_rate": 100.0,
  "files_per_second": 0.13039689632591434,
  "output_file": "data\\output\\resumes_20250616_181305.json",
  "timestamp": "20250616_181305"
}