{
  "processing_time": 78.516358,
  "total_files": 6,
  "processed": 0,
  "failed": 0,
  "success_rate": 0.0,
  "files_per_second": 0.07641719703810002,
  "output_file": "data\\output\\resumes_20250616_205758.json",
  "timestamp": "20250616_205758"
}