{
  "processing_time": 185.114751,
  "total_files": 27,
  "processed": 0,
  "failed": 0,
  "success_rate": 0.0,
  "files_per_second": 0.1458554753424269,
  "output_file": "data\\output\\resumes_20250616_021023.json",
  "timestamp": "20250616_021023"
}