{
  "processing_time": 110.74973,
  "total_files": 6,
  "processed": 6,
  "failed": 0,
  "success_rate": 100.0,
  "files_per_second": 0.0541762043121911,
  "output_file": "data\\output\\resumes_20250616_212828.json",
  "timestamp": "20250616_212828"
}